ID,Square_Feet,Num_Bedrooms,Num_Bathrooms,Num_Floors,Year_Built,Has_Garden,Has_Pool,Garage_Size,Location_Score,Distance_to_Center,Price
1,143.63502971184062,1,3,3,1967,1,1,48,8.297631202876449,5.935733640397012,602134.816746586
2,287.67857660247904,1,2,1,1949,0,1,37,6.061465649334798,10.827392203145374,591425.1353862194
3,232.99848545285127,1,3,2,1923,1,0,14,2.9114424778517902,6.904599073399449,464478.6968798775
4,199.66462104925915,5,2,2,1918,0,0,17,2.0709491817657124,8.284018511436607,583105.655996478
5,89.00466011060914,4,3,3,1999,1,0,34,1.523277856626788,14.648277296253372,619879.1425227895
6,88.99863008405066,5,3,2,1959,1,1,36,8.994552125461016,17.633249646654253,670386.8044330856
7,64.52090304204987,4,3,1,1938,0,1,32,7.101354317980658,2.4299078217553083,523827.1256006135
8,266.54403644373383,5,1,3,1973,1,1,39,9.373784381643208,12.69278512974761,875352.5451883507
9,200.2787529358022,5,1,1,1988,1,1,32,6.0329180571494305,11.64287615155597,738269.852342477
10,227.01814444901137,3,2,1,1917,0,0,29,4.734008814949125,2.3683007835186376,490552.681240454
11,55.14612357395061,5,2,2,1918,1,0,27,0.5971648897088933,4.237886608802182,488942.13124439935
12,292.4774630404986,2,1,3,1935,1,1,27,6.716422815460298,6.220049894653606,677623.4667819565
13,258.11066020010543,3,2,3,1973,1,0,11,5.822087597682311,3.3386214163500294,685123.5340514993
14,103.08477766956904,5,1,2,1996,0,1,13,9.902088935876215,4.874589650486836,658652.7892522971
15,95.45624180177515,1,3,1,1954,0,1,39,2.3915877778224304,5.35201597723415,413729.0743278516
16,95.85112746335845,2,2,1,2013,1,0,42,5.307373552868358,6.713476660781192,523527.97467753565
17,126.06056073988444,2,2,1,1968,0,1,45,6.509573351180727,14.987809056023181,527769.8130275381
18,181.18910790805947,2,1,1,1946,1,1,27,6.445911747423436,11.438244077012014,514260.99504370557
19,157.98625466052894,3,2,3,1948,1,0,46,5.612935429484027,19.724933439028028,581392.9358432371
20,122.80728504951048,5,2,3,1998,1,1,28,7.769280103272255,8.29471653934942,750687.6198562378
21,202.96322368059487,5,3,2,2007,1,1,37,2.049812095268164,15.077301476738501,832883.8728118391
22,84.87346516301045,1,2,2,1997,1,0,49,7.256272002744159,17.429368427530676,479876.36463861604
23,123.03616213380454,1,3,3,1932,0,1,29,6.197345714330892,13.579569860760838,437751.6430154121
24,141.59046082342292,2,1,3,2018,1,0,42,8.960751117945733,8.237294808349919,629162.3560146224
25,164.01749605425897,1,2,1,1920,0,1,21,8.471944390335818,15.07189261491506,394665.7509562052
26,246.2939903482534,3,3,1,1980,0,0,24,3.1514703913255326,4.073342755453697,651471.4064928052
27,99.91844553958992,5,1,2,1921,1,0,48,2.7623732497515308,6.551043303602649,563531.4769281208
28,178.5586096034029,2,2,3,1947,1,0,11,9.816533238524478,10.933705101985776,528557.4860487292
29,198.1036422155106,1,1,2,1936,0,1,38,5.272651809152565,11.508187745722967,466357.44182484015
30,61.61260317999943,3,2,3,1914,0,0,19,9.064209639144368,0.44282950945258914,428376.72080725076
31,201.8862129753596,3,1,1,1934,0,0,11,1.638810237804822,18.902283775120175,438805.8696075837
32,92.63103092182288,1,1,2,1991,1,0,20,6.428189148001743,13.9325454243478,408507.95279092755
33,66.26289824631988,5,3,2,1970,0,0,22,8.098601873605862,9.914075004637821,592796.9627254389
34,287.2213843133333,1,1,3,1931,1,0,19,9.473952495864468,18.662544688166168,506721.2732359969
35,291.40800826863983,2,2,1,1910,1,1,23,3.373401410170235,8.78191130501657,595676.9793114531
36,252.09933702911528,1,2,2,1909,1,1,27,7.249811699240524,19.608711405407433,504981.6035742699
37,126.15344229334268,3,3,1,1972,0,1,18,5.38813009039619,10.245695144869702,584118.0468036479
38,74.41802850159597,1,2,2,1977,1,1,48,0.6062892606646819,2.285715399959589,493819.2724839939
39,221.05825662803923,5,2,1,1976,1,1,37,6.899997373089434,15.296019449185545,749855.0593667751
40,160.03812343490034,4,2,3,1956,1,1,12,6.900965582378435,13.57795450155681,690863.198892221
41,80.5095587111947,1,1,2,1924,1,1,29,9.30606804846537,15.459734426111735,352899.27426395717
42,173.79422752781755,5,1,2,1901,1,0,15,4.973124461689724,19.028840574513623,524483.1842435496
43,58.5971302788046,5,2,1,1963,0,1,36,2.302509207105147,15.529786053020363,531302.3551580417
44,277.3301005196955,3,3,1,1934,1,0,11,0.4456382344867915,12.226732044332937,610874.1821847891
45,114.69499540000423,5,1,2,1906,1,0,38,4.156421866859057,17.146178047216818,499521.0463034139
46,215.6305710884955,5,3,3,1984,0,1,47,3.019167000775018,13.464928787090631,848335.0050240463
47,127.92776902235273,5,2,1,1917,1,0,12,7.610883060238756,8.162381136518462,532329.5565179046
48,180.0170052944527,5,2,1,1966,0,0,25,3.542677648410466,17.712395284835466,649521.6510055922
49,186.67756983581992,2,1,1,1941,1,0,39,9.490711963148438,4.438009215687457,519049.39294636494
50,96.21361388138176,2,2,2,2017,0,0,49,9.623102029877842,14.292825498174484,542062.8525699303
51,292.3961569411397,3,1,2,1938,0,1,11,6.209085902177081,17.63126909881514,622563.3609764848
52,243.78320584027864,1,2,2,1940,1,1,26,9.28660287014883,14.626330394065924,570832.1704602139
53,284.87473539104724,5,2,2,2012,1,1,21,7.6085434451449565,13.945508381077138,909199.5603664877
54,273.70683760691225,1,1,3,1974,1,1,44,5.468596409751262,15.05276588143672,649312.3270315046
55,199.47499470277128,1,1,3,2002,0,1,10,1.8030793542277812,9.301104966012888,538708.1823280097
56,280.4685587557792,3,1,2,1923,0,1,24,4.5859794351384,17.48341364314052,584121.0395150405
57,72.12312551297987,5,2,3,1959,0,1,35,5.608744633626176,4.068729502721824,639018.5755724012
58,98.9957156047863,5,2,1,1945,1,1,46,8.639615807350102,2.5477283200067857,643872.5756270154
59,61.30682222763451,4,3,1,1918,0,1,30,4.813333765356649,5.7101756023702315,497402.4778697122
60,131.33258269081608,1,1,1,1967,0,1,40,8.976746726779567,10.631547935499864,440991.87974409934
61,147.1693224223705,1,2,2,1989,1,0,34,6.743489790234689,10.211235908186762,521898.91774180724
62,117.83725794347397,2,2,1,2001,0,1,32,1.3699906305367138,16.41197515353173,525144.7450030036
63,257.18437728798233,4,1,3,1941,0,0,33,9.94981369325093,8.091373128080349,695024.310704971
64,139.18833167339733,2,3,2,1931,1,0,47,5.272326607539126,9.686888525830174,506038.28878048516
65,120.23362742184518,2,1,3,1938,0,0,37,3.9185829640907888,0.2673536651879127,431988.4593272602
66,185.67402078956212,2,3,1,2008,1,0,30,6.591137644695265,8.194784728858782,627785.1190329521
67,85.23105624369066,3,2,1,2009,1,1,27,1.0889331398103907,12.955484659006842,578817.5463943959
68,250.54924518850993,3,3,1,1935,1,0,45,6.365386467533543,0.31016661253184363,685065.8715143484
69,68.6376609199427,2,2,2,2003,1,1,44,4.98236000499273,5.617639303724875,529467.5992669661
70,296.72173415012935,4,1,3,2000,1,1,18,4.066740699985831,4.159127185787799,854304.1271906283
71,243.06119232416435,1,1,2,1996,0,0,47,9.530200211788992,0.8397085781917646,627395.3723809031
72,99.6789203835431,4,1,2,1935,0,1,39,5.225397167320533,9.58520179829075,511009.6967314686
73,51.3805292809006,5,3,1,1902,1,0,43,2.1911747946993843,3.63446586456313,479576.5320025937
74,253.86535711370854,3,2,2,1972,1,0,41,4.589634793772986,14.861630792627603,667693.000275592
75,226.71433596190428,1,1,2,1907,0,1,12,9.193874045726727,16.95855767526697,401169.07098342146
76,232.25179201024682,1,1,1,1996,1,1,12,1.7609547133059467,10.911703653382956,557752.8373589888
77,242.81758667148642,5,2,2,2022,1,0,37,2.139570386882369,19.63414685042283,814846.4537069977
78,68.5111629335226,5,1,1,1969,1,1,24,0.1302956775708375,9.009571429411906,562584.0351200991
79,139.61643213606817,2,2,1,1940,0,1,32,0.1419004939576718,10.26736420449831,450110.738621216
80,78.96726488128243,3,2,1,2002,0,1,49,8.293916269585125,19.784355079155002,546908.2680272685
81,265.7758564688984,3,2,1,1967,1,0,20,7.321226068429558,4.630968719300976,679084.033352885
82,205.82453170688947,4,2,2,1912,1,0,41,3.5504105645195825,18.850918793538106,583738.7201407257
83,132.7245062131623,2,2,1,1948,0,1,45,6.983111572275727,0.8567511023822649,503158.7272534358
84,65.88958757150591,2,3,1,1959,0,1,42,3.9520592630997022,8.927737805263895,466696.76824151614
85,127.74558042891555,2,1,2,1901,1,1,33,9.528967959978274,1.4000702426613154,458704.41227121913
86,131.29583050668674,2,3,2,1959,1,1,48,9.670526814260349,14.58469485827286,584355.2794725752
87,232.40154458451602,3,1,3,1904,0,1,43,3.927937758093434,12.168178717600355,572360.649869456
88,209.38936783880328,3,3,2,1943,0,0,37,8.54221906340868,14.132685269351928,599520.8777500783
89,271.8031856440816,2,2,2,1926,0,1,46,7.7308904169746615,7.48960799936034,644419.7272105219
90,168.05373129048732,4,1,3,1931,1,0,16,3.0999993717178933,7.3896386806276055,546491.1231864408
91,79.89856148457542,1,1,2,1920,0,1,13,2.3203982890110595,0.9063855792178921,276892.4701358937
92,228.31119680574875,1,3,2,1907,1,0,46,4.582346503928338,6.998898790592795,509064.8714547579
93,240.19626215422437,4,3,2,2001,0,1,10,7.813488406144062,18.58576804524119,788180.233051091
94,190.31929939237406,2,1,2,1971,0,0,10,9.601677847287455,7.58453074360898,488035.88488564023
95,242.74179498864024,3,3,3,1949,0,1,29,7.635790688665725,16.6273541244394,715176.7624917962
96,173.4488990910977,1,3,2,1966,0,0,28,8.5520698501837,16.84651009499868,503480.64487472846
97,180.68320734549852,5,3,2,2017,1,0,38,6.030643061705165,7.464823127584676,802007.1725493568
98,156.8852545896374,5,2,3,1943,1,0,19,8.35407830842126,12.63977360792378,643683.5728946979
99,56.3547816860238,4,2,1,1957,0,0,27,7.844208580034176,1.9074320454611726,481420.80823468184
100,76.97285674832611,2,3,3,1902,1,0,37,3.769855419262801,2.07357161468553,396497.9479945163
101,57.857296421683564,1,3,1,1985,0,0,44,5.519903021207211,0.9731532732342663,427818.44867948466
102,209.1026028159451,2,2,3,1969,0,1,40,8.047531219896948,11.620301867502189,642579.0941669695
103,128.58899526908166,1,2,3,1901,0,0,36,0.4605673418995637,8.521419552521941,299477.8499557709
104,177.1426727911757,4,1,2,1986,0,1,20,8.0807928235583,10.960647133284802,648175.9243854118
105,276.89161848152327,4,1,1,1943,1,1,47,1.7788812404902343,10.421463810167758,730197.480606967
106,112.32305728721875,5,2,2,1901,0,1,14,5.14683617121439,7.0040598218146055,570260.3660579699
107,152.59573075890745,2,3,1,2001,0,1,17,8.082754395559377,13.549468296469458,605185.1456648157
108,238.88778463576216,5,3,3,1980,1,1,43,2.5382107815669483,15.170037618327814,860013.258203935
109,107.19954137290561,2,3,3,1934,0,0,21,2.45807439306153,0.2925651775535143,432105.52473497466
110,69.24497745719825,5,3,1,1997,0,0,47,4.027643984622519,4.144845995377566,644587.4937557759
111,122.43786322844201,3,1,2,1986,0,0,10,8.946427975776345,14.264717361666737,499158.97906918003
112,90.30532181350111,3,2,2,1929,1,1,40,0.004427814372078842,7.732403452676683,456161.2250317206
113,282.42441308564327,3,3,2,2015,0,0,13,9.013830966419349,13.249678938832163,787131.5696907723
114,252.03009489110423,3,1,2,1907,1,0,14,1.5380702464160778,6.939253194691169,547258.0050810596
115,208.35093912760587,1,3,3,1921,0,0,39,9.90086376067482,7.815103046592742,527470.1024966585
116,267.8651475469294,3,2,3,1943,0,0,33,9.54846993038468,3.1735774737936984,654928.1183587011
117,250.91801922477862,4,1,3,1957,1,0,12,4.946751895912833,5.164620393323201,670086.0089232296
118,96.64251472150896,4,2,3,1935,0,1,20,5.127202478126281,12.108235150151746,503407.65958468255
119,273.13974962249443,1,2,3,1968,0,0,13,4.815493402758543,8.663262226303328,596811.6620115916
120,184.83556047891267,3,1,2,1976,1,1,35,6.354436456595226,15.486053658891903,627500.8641789245
121,251.86003879101563,3,1,2,1992,1,1,36,0.9072170223493103,17.051699098766854,742958.5121382242
122,274.02282498087334,3,1,2,1930,1,1,36,0.32617948341566505,10.832928364335197,674092.4662874369
123,129.50086874296596,5,1,2,1946,1,1,15,0.5770292841589886,15.165345841121184,567986.7951541396
124,77.51298113191919,2,1,3,2020,1,1,24,4.443653492415144,6.1380902638914,547289.7132781518
125,106.98379063548542,5,1,3,1954,0,0,39,2.755479392194834,8.299424308001564,573486.1458273989
126,156.77694715656406,2,1,3,1979,1,0,46,6.220395623709938,14.25555352433662,508776.9761491152
127,254.50369148062327,3,3,1,2005,0,0,46,9.92442289374779,7.724239856340613,743412.1438891097
128,265.18264581408584,3,2,2,1961,0,1,46,3.8632317307646593,11.770098703179777,687695.427037415
129,51.738032632797676,5,1,2,1929,0,0,44,5.738412541045133,3.7074555816502297,517538.50301365706
130,177.68682564439143,5,3,3,2020,1,0,32,4.156038959073355,11.99542629940996,819696.5255510274
131,154.35275078719474,2,3,2,1954,1,1,15,8.472716677218594,17.230274144537873,562560.4463334681
132,105.52695261768255,4,3,2,1915,0,1,13,9.022364034622381,17.372792796468513,518763.4925441514
133,79.9663418334207,2,2,3,1911,1,1,27,8.7735561220526,14.486888126590793,456241.338136998
134,134.403792850907,5,1,1,1916,1,1,18,9.743722386792577,14.915067581522521,565358.0531432166
135,285.72742597812976,5,3,1,1915,1,0,38,0.2751918514041529,11.158548903014013,714280.6279418725
136,130.80073300518882,1,2,1,1911,1,1,22,8.39816162145531,11.693361803316495,385122.3470563931
137,179.6976554358415,5,2,3,1907,0,1,26,7.5177217303909325,2.67301162821036,638089.4981910676
138,225.75473972379447,1,2,2,1983,0,0,41,2.2869440940036476,8.877183768426022,515014.39010290743
139,140.9074005948235,4,3,3,1902,1,0,31,9.563200933875276,9.015525677727275,574652.9197614514
140,292.9455206802402,2,1,3,1915,0,1,13,1.4817792822994547,19.169956713354804,532249.4070597552
141,290.6118237355278,2,3,2,1929,1,0,14,6.795499271339084,8.621737252465788,620457.3670688214
142,112.94557395634104,1,3,1,2008,1,1,46,2.248902168159125,10.986852898055153,548437.984990651
143,174.31212647309636,2,1,1,1922,0,1,22,4.313806487740747,10.66502798558205,419777.3503376158
144,125.21957745419242,5,1,3,1991,0,0,43,7.191598969445689,12.735234340886542,682189.630583016
145,121.2101235943669,3,1,1,2014,0,0,31,5.633246420330467,14.964656626637918,540406.724839883
146,59.2217368386332,1,2,3,2003,1,1,32,4.275018313281117,4.5008375234174425,505392.9680143872
147,202.39108349497423,2,1,3,2017,0,1,12,3.2633843093198722,10.574488381968713,630144.1938724561
148,175.66975580721538,1,3,2,1904,1,1,43,8.396596557087904,16.518354146320608,486174.26547095453
149,62.86968781249734,1,1,2,1983,0,0,41,1.438143503148137,9.262294276750229,280166.11093370203
150,119.66161605915286,3,3,2,2003,0,1,30,4.301028765298001,5.56915092747146,644938.3182892204
151,277.06647149166344,5,2,3,2019,1,1,30,9.037575717751421,13.094181507125981,960678.274291193
152,109.89047266674311,1,3,2,2007,1,1,20,8.458495504599677,16.47534791598246,527479.0191969719
153,86.22371802280577,2,3,1,1964,1,1,48,4.009417624730467,1.2628058585478263,547733.4158132545
154,172.36319006939075,4,1,1,2020,1,1,13,7.6310836360130825,15.535809668144543,696835.4553542709
155,296.41261352765014,1,1,3,1929,1,0,10,8.231608307088592,16.432958659235425,534963.4121573154
156,110.51381787787511,1,3,3,1920,1,1,37,8.888874240036298,9.230458551772136,478489.2990271106
157,218.03388685146965,3,1,2,1983,1,1,33,5.44505769049228,19.666113136369347,688446.0385157294
158,240.4049038321794,5,2,3,1969,1,1,44,2.044608860547118,15.734166814146182,821184.1909183044
159,109.4093859980999,4,2,3,1921,0,1,22,2.5530907650393164,15.473251297913315,534776.66640091
160,232.05408715296488,2,1,1,1981,1,0,43,2.956946740416042,14.956771488241436,583119.8007220611
161,141.9457831798133,4,2,1,1971,1,0,20,5.938024808096155,3.01216206436548,579720.468569795
162,208.07645764839486,2,1,2,2002,0,0,45,0.3280962412860844,4.344617729060216,554247.3659962818
163,208.38242769022366,5,3,3,1931,1,1,26,6.360424687799683,9.2798026292885,783157.1595251702
164,183.94367101868963,2,3,3,1932,0,1,44,3.64354238428232,5.280086999189317,576290.4632665591
165,72.57244251360208,3,2,1,2016,0,0,27,2.9524180248964216,8.30481944668081,496952.75835959666
166,258.82562389730947,3,1,3,1915,1,0,49,8.794965707281264,17.769282198458413,634493.1844802111
167,130.19501624293395,3,1,1,1975,0,0,31,4.600023955807989,16.486537837585384,457514.7327829617
168,96.62962759996356,3,2,2,1937,1,1,33,0.9505304553269278,12.600797569599644,475302.09777242725
169,60.19378538869098,4,3,1,2015,0,1,28,8.26746768026247,17.16240788502207,611030.3079872474
170,197.72323579706045,5,2,3,1997,0,0,46,0.476412574365066,15.675447780344985,773901.5331320497
171,219.3910904605706,2,3,2,1913,0,0,48,7.267492241681967,8.57969863681781,532504.7647876402
172,54.14695723196404,2,1,1,1935,1,0,30,7.7390622177066515,4.021303040998903,320014.7071341413
173,178.02326457482025,3,3,1,1996,1,1,17,3.526026059288582,10.284020800186784,640696.1813645576
174,106.6239437994845,3,2,2,1922,0,1,37,8.247878562777867,14.724577650571003,475921.44845874957
175,211.29319760236245,1,1,2,2013,0,1,14,5.156594058564535,8.72839197459186,569188.9415574537
176,93.59160725124786,5,2,1,2008,1,0,26,4.632936532727968,13.335438195677945,657068.8876520853
177,222.73443452561648,4,2,3,1965,1,0,46,0.45403281468692547,1.8865485258208725,731778.4048766447
178,146.68383657513436,2,3,1,2004,0,1,45,2.900291936489059,14.960094727428068,592138.1783812669
179,284.1824971841836,1,2,2,1984,0,0,28,9.310099708852999,16.25427239786124,593141.0792095345
180,84.3802360364983,1,3,1,1901,1,1,36,3.918239632835,14.136757115610823,359989.95703788556
181,135.26658776256463,2,1,2,1990,1,0,43,5.467005205567683,19.34527175052731,466936.1487666207
182,78.36838031014727,4,3,2,2020,1,0,20,5.320216789842518,16.533041149212806,671524.9998395186
183,281.1734045696407,1,1,3,1972,1,0,21,5.9043108982269334,18.061874557530764,586653.3218628463
184,269.33483834524526,1,3,2,1964,1,0,30,0.6133095564328261,18.671421669152963,588398.3471836689
185,114.4854069287889,5,2,2,1974,0,1,20,3.6217625479872826,16.02695983747617,610057.2323562407
186,214.99601150854477,4,3,3,1966,1,0,48,7.231282738825541,13.485176840129983,776835.0443483444
187,254.30555005030396,1,3,2,1951,0,1,37,2.005602510729829,0.11437162721578575,598404.4761289957
188,188.80020289986558,4,1,3,1961,1,1,14,2.0357837754636043,9.316515064462493,636794.9291918874
189,182.41264458900162,2,2,3,1922,0,1,26,0.10090606689024728,11.42324597244722,488287.23556643404
190,110.46307272511292,3,3,2,1925,1,0,29,4.374819266082097,6.080605448959993,495424.8564378359
191,73.2756919514748,1,2,2,1967,1,1,21,8.82734380673422,6.362088938069441,434617.4916587671
192,274.3039394883317,5,3,1,1981,0,1,15,0.5190094358730901,19.223188314203302,767053.8629684633
193,275.10451429083264,2,3,3,1954,0,1,26,1.9111870949600263,17.834217304054917,636527.379650962
194,208.27536431831697,4,2,1,1905,1,0,28,3.1008453834275507,16.983580110034083,516038.1296582501
195,134.75744776217516,2,3,2,1934,1,0,35,7.317247365642129,8.120236034122213,493341.2543801494
196,137.3023936531652,1,2,1,1921,1,1,41,6.4063559280258655,0.2739710081782909,423506.5285534888
197,231.48891971755984,4,3,3,1942,1,0,15,4.159439045818551,1.6044449291142815,693249.7351401452
198,274.27756498814426,3,1,1,1914,1,1,45,7.590689392583757,6.243927364352073,666645.8481900442
199,271.77160606627933,2,2,3,1985,0,1,47,6.096310116569019,0.31485825991353966,762589.6291713811
200,244.96888646440595,1,3,2,1959,0,0,20,8.96040799657219,0.3429956383039623,556587.3503528038
201,210.50791153857193,5,3,2,2000,1,1,42,8.18026749138693,18.33206603284822,885909.2152756948
202,71.03499124876221,4,1,3,2015,0,0,33,2.5281360608920056,14.123170042381082,511600.54608573904
203,90.40717852365344,2,2,2,2005,0,0,32,2.7143857763420023,6.179119801363053,529703.7542428804
204,274.63854713176977,2,3,2,1911,0,1,24,1.2535647579238562,2.6528915520190632,622106.8516600628
205,201.60726491489748,3,1,2,2010,1,0,36,3.369647257174565,10.232714357901543,637795.4342421652
206,52.29926290415741,3,3,2,1948,0,0,20,9.995439187190943,0.10692321708728914,481711.1436406397
207,75.36788571650803,5,2,3,1941,1,1,26,4.05751168615061,18.76827487716288,567600.5078307528
208,215.87544227701395,5,3,1,1937,0,1,23,2.204884346891064,8.296302387778944,700016.1150344276
209,51.265395961554674,1,3,1,1981,1,0,36,7.62482884475553,8.046699104746654,417122.88132578967
210,90.20201285437466,1,3,2,1944,0,0,27,5.42471003462656,7.811872151635644,358006.55093638826
211,187.18344734164654,5,3,1,1934,1,1,37,1.4960144952695253,1.3865666077552952,710519.2368759664
212,222.97379942317332,5,1,1,1929,1,0,13,3.8068968116086577,12.76644479583653,591635.6443733551
213,212.99031487565014,4,1,2,1987,0,0,16,4.144697155393433,14.660072392567066,598258.9214811304
214,106.06732736513995,3,2,2,2005,1,0,44,7.538297005692186,13.522507951765805,581050.851572136
215,228.04480533688397,1,1,1,1929,1,0,18,0.20671368891904462,2.768709866587886,386204.06552830915
216,109.31227187420001,3,1,3,1977,1,0,17,2.690196467983105,11.576803360711851,519256.26280390425
217,131.34992453981693,3,2,2,1905,1,0,26,5.17596301315522,11.389689683445077,429308.1053095775
218,236.62285127950602,5,1,3,1966,1,0,26,2.6884674245284335,17.368215758827642,685888.3394530899
219,212.40822476180367,4,1,1,1979,1,1,42,6.284340474189989,7.582553167512939,735994.9143940476
220,262.3058526235445,2,2,2,1906,1,1,41,4.818674792746166,7.429718873188684,608932.1959276847
221,214.40322307508583,4,2,3,1951,1,1,17,3.617102548595806,12.370541174363712,717337.6745883166
222,192.0771508338679,4,2,2,1913,0,1,28,9.492086268705123,12.66145306999026,630036.3405213462
223,73.41869195702311,3,3,1,1972,0,1,47,6.321594991864574,9.385704546515807,590004.3557620827
224,141.92895076485837,4,3,3,1914,1,0,12,1.2994137226794122,8.861187246608422,540582.8495511749
225,116.30059192043136,1,2,1,1920,1,0,14,5.600916974433955,9.882953412757654,299387.1163871756
226,110.9974108447709,3,2,1,1934,0,0,22,7.80731853200901,17.22090599006624,424012.947539926
227,293.2526386881114,1,2,2,1965,0,0,40,7.0848969749279735,9.2233380250782,584350.3550549987
228,148.2744311666901,2,3,3,1990,0,1,25,1.7208922929525938,18.79863583939645,560131.5152863493
229,273.0116387942783,3,3,1,1901,1,0,41,9.724199990401033,10.080075271926521,635970.9916467753
230,207.78465649931573,2,1,1,1934,0,0,31,4.48813645746606,18.98401386361783,441572.3657196022
231,248.7028258854121,3,1,3,1981,1,1,38,1.590250037402613,16.656638037381516,686120.9031657365
232,175.65927327629802,5,2,1,1977,1,0,31,1.8019575412814792,7.248626452316582,702159.5698247066
233,194.22597115658976,4,3,1,1919,0,0,12,0.982349921890805,17.27282842593232,495299.7847341229
234,173.12942345471598,5,3,3,1981,1,1,19,8.035181084349343,2.2012656840223044,824524.7330819088
235,98.81074694951113,2,3,3,1909,1,0,30,1.2203049432184865,18.50094350686029,399136.54228750034
236,230.61302881537634,4,2,3,1924,1,0,25,1.2512525714174694,12.632870301657832,614845.5668954669
237,120.19309061021394,3,1,3,1965,1,0,21,8.504716147608377,1.0878149704462237,513520.9946285926
238,56.07899160786346,4,2,2,1924,0,0,11,3.446040844475596,12.885134473016231,413087.0767199851
239,211.36807397679195,1,1,3,1953,0,0,33,0.3085790430807245,19.48495308289512,413971.7762192848
240,94.27766985176223,4,1,2,1932,1,1,44,0.5189529951841088,1.3960130922925784,550978.3776309715
241,285.1146460882286,1,2,2,1935,1,1,39,1.4217044670389556,11.093754195601726,566252.7773316666
242,288.48214425064685,4,1,2,1994,0,1,39,2.1339334797568954,14.955886995187448,747371.3060171283
243,278.7160975551121,1,1,1,1913,1,1,44,6.651461942384054,16.205171733990625,540311.7319901583
244,142.5396750638611,2,3,2,1964,0,1,28,1.5732628000182824,8.276549306415916,544663.0523059611
245,53.864154132216854,5,1,2,2009,1,1,17,1.18874391177072,4.0833311833648605,623369.4971106474
246,282.07964064693135,3,2,1,1979,1,0,35,7.6471914147627915,0.8468455754476767,739222.5385332668
247,157.04603707932858,4,2,1,1953,0,1,49,6.710552838599144,11.594523141944496,606828.9722775482
248,291.6637047609174,5,1,1,2009,0,1,16,4.3532422145523615,9.058221405352215,827018.6553727529
249,290.9049942723132,3,3,3,1951,0,0,39,5.493097714801039,18.97488790299422,698491.7855081313
250,263.25236386684,3,3,1,1902,0,0,16,3.119840203264185,1.2120981542981957,547951.736470744
251,123.61222301739642,1,1,1,1998,1,1,12,4.825004202353607,13.707906868920114,442615.71617950907
252,146.27443215048132,2,1,2,1940,0,0,10,5.066726489827458,0.4993244424011434,412014.3872791122
253,262.78416787921424,2,2,1,1905,1,1,45,3.872372711780959,3.4286835342108546,586689.0415036795
254,129.23050128906942,5,1,3,1924,0,0,34,9.065722106721628,9.071579998456683,557099.510247372
255,92.37318667152311,2,3,1,1912,0,1,46,0.16061864981006146,9.097448856057364,378305.09280484373
256,189.20031561458754,4,1,3,2016,1,0,10,7.821712630912462,13.714010858672879,705130.3980385133
257,284.03869354019525,2,2,1,1997,0,0,24,1.2438283124132432,18.20426069735513,594082.8664108191
258,224.00744916874325,5,2,1,1907,0,1,46,7.975473605371994,12.780643178298416,654130.3784302677
259,192.51529252234124,2,2,1,1920,0,1,22,6.159119156767212,19.070701957030177,468040.08060727915
260,74.29412344269213,4,2,1,1997,0,1,49,8.432780909364023,17.63231279755995,637859.5118355
261,203.75180667479245,1,2,3,1967,1,1,17,0.9751432564089746,11.689995910615805,545410.9778174642
262,297.51346252606584,5,1,3,1924,1,1,14,5.5898063409977405,16.675839018376546,792066.3470191418
263,85.021003809131,1,1,2,1978,0,0,18,5.010878802621971,12.85155220647268,381658.9277038974
264,179.58241309093418,1,1,3,1967,0,1,10,7.061931829633586,1.571156618474543,493181.3809545995
265,269.3432679819889,1,1,1,1944,0,1,45,5.3429055189367585,14.8112944651902,527616.0908102716
266,235.1921544385511,3,2,2,1959,1,0,44,5.407345671331042,1.8981688253469242,713007.1835008386
267,224.253935248817,3,3,2,1911,1,0,11,4.295959435760647,11.881655611394248,557048.8219766509
268,225.6210209967773,1,1,2,1931,1,1,49,3.0883442400734085,14.052804117164577,509193.37687812326
269,139.8727878049388,5,3,1,1995,1,0,32,4.822643612521922,1.3305521642171048,692424.7920516165
270,123.39796106612334,4,1,3,1991,0,0,18,1.1849235876840059,4.615893078530635,553957.5548410888
271,252.3402888696284,4,1,1,1912,0,1,43,9.615133389830849,18.313444645232998,635900.8402216955
272,252.52834866979518,2,3,2,1930,0,0,23,7.144107636265983,12.326289844657927,610181.9600208343
273,266.7680796450259,5,2,1,1977,1,0,13,9.524671166878468,4.925720376210632,789119.8580575632
274,278.31013813911784,3,1,1,1919,0,1,39,2.2672738232996323,13.813595422960132,546266.7899646687
275,177.83559971523445,1,1,3,1917,1,1,40,8.79341020176528,11.935528399233792,455326.61011012713
276,175.37907367179992,2,1,3,1992,1,0,47,8.087899845635384,10.031513998358967,600039.7511844928
277,249.5737947416938,4,3,2,1959,0,0,20,6.771524124576737,19.523739499761675,706428.072326099
278,212.4909826944413,3,2,1,1962,0,1,44,6.250291860852057,13.669075548150179,646151.3645599092
279,225.49171931442584,3,3,1,1905,0,0,17,3.1654966526786996,7.508822193358253,520006.67546130536
280,248.94816735902526,1,3,3,1931,1,0,12,8.164107849650307,16.00146864153736,572448.657062554
281,272.50133545439155,4,2,1,1992,1,0,23,5.015154614797338,17.691665858423754,718789.1950611516
282,134.49878921288393,5,3,1,1942,0,1,22,0.7089157589128536,2.5044111903366284,628416.4400259262
283,143.89573815998602,3,2,1,1901,0,0,41,3.1286316085513,4.01105955690533,413609.134684884
284,73.49548496021725,1,1,3,1959,1,0,43,9.352970985453275,4.3245401825555945,407682.14481333096
285,194.57003524904349,5,2,2,1922,0,1,28,8.506802606048463,13.824236187730808,650330.1888173145
286,58.98556844918552,4,1,2,1982,1,0,47,9.819056980765392,12.060791101065666,547079.7497222052
287,166.39950453311502,3,3,1,1930,1,0,25,6.279933826040981,12.379831293971764,532485.1997504686
288,185.66115867689416,5,3,2,2014,0,1,11,2.47510073140412,18.81546599379002,764976.3003491038
289,121.6353130320711,5,1,3,1904,0,1,49,1.6281504967686378,15.51823065614612,540518.3741433461
290,197.7083151422527,5,3,3,1982,0,1,26,1.8691444060846163,2.5587384902356636,809037.3710609482
291,57.62506248476236,3,2,2,1933,0,1,43,0.19795658347254386,6.950141648503621,461988.4774864058
292,59.337047187303604,3,1,2,1909,1,0,25,3.9068211098593917,8.707872923514712,376178.5242518231
293,255.65014016491457,2,3,1,1988,1,0,47,1.914276804995425,7.919231774952098,683611.4959879273
294,140.04766035281574,4,1,2,1901,1,1,11,4.116554604567025,13.386172183237584,471158.4594404094
295,81.7651281629712,1,2,1,1910,0,1,11,9.349944318387655,17.83786206513125,291630.9259132499
296,180.5608150137011,5,2,1,1949,1,0,35,4.3054020950719,6.12102927045576,652860.0663338971
297,242.4983882746527,2,3,3,1930,0,1,22,8.779844969848348,11.037542728423713,618179.5310512757
298,103.95525687421079,1,2,3,1955,0,0,40,6.055047666158765,15.788188438271714,402001.14190905326
299,205.72261895475006,2,1,3,1978,0,1,43,2.471315546613919,8.324361176906987,569543.9044683764
300,71.33686624844199,3,2,3,1972,0,0,48,3.558547592592114,3.362362567985917,542276.2084659965
301,62.92043029215192,5,1,2,1986,0,1,12,0.8391953582142941,9.499019305274965,583022.7819031078
302,182.838657892037,1,1,3,1982,0,1,17,3.334625935960105,1.1044504148605694,536866.9319801515
303,185.15878040252662,1,2,2,1908,1,0,32,6.775409455035341,18.847669080045538,404098.30291920854
304,209.35747537455163,1,3,3,1998,0,1,23,0.7211109292943518,1.4964241038994608,654546.9677146755
305,231.5228334306654,1,2,2,1920,1,0,36,2.0540140847802935,8.769134305011564,484042.73398014915
306,293.96301986563367,1,1,1,1972,1,0,38,3.814410414133115,10.597625221770524,589972.5771771199
307,179.07508707529882,2,1,2,1927,0,0,48,9.820495370159625,19.70607664574571,446084.3689894087
308,130.73911823531148,5,2,2,1961,0,0,48,7.848618229588801,3.3204364728572155,688627.5981548245
309,248.79654869217592,3,3,3,2009,0,0,10,7.334867464921039,2.2886303722471713,777731.3827860839
310,117.70806281551856,3,3,2,2014,1,1,26,1.1619095652544598,0.17412294125087158,690360.0906680078
311,159.74285517640902,3,1,1,1906,0,1,39,7.809958936149915,3.111428737386046,515689.25079100963
312,69.61409533556649,3,1,1,1979,1,0,22,7.852688115160151,4.145459581353352,462703.37791198114
313,56.33768585386438,2,3,3,1915,0,1,30,6.011026956243283,12.611618831661847,390319.5757848166
314,290.66210366948127,4,2,1,1996,0,0,28,9.903617819983719,4.3941358078280075,789822.9314146935
315,258.99503012805144,5,1,2,1903,1,1,28,3.2525390592455192,0.4104162945865042,705795.0839188367
316,223.9935515234245,1,1,1,1903,1,1,34,9.412724482418517,16.532366910049774,452538.0932698649
317,152.2382361035675,4,3,3,2002,0,1,31,9.147311149565036,7.311914020079335,791677.204598222
318,93.32358001771144,3,2,2,1939,1,1,40,0.11480659749377842,7.073933731614678,511592.52980616357
319,89.10926066777151,4,3,3,1916,1,0,26,4.50116526474811,6.049580583358532,534787.3072955047
320,112.56072454114883,5,2,2,2000,1,0,32,9.771042330515733,19.50746554292842,677859.9539327888
321,187.30666617653011,1,2,1,2002,1,1,41,1.031213624080758,3.4023083461856296,607280.5803901531
322,228.6489806750156,1,2,3,1951,1,1,19,5.477846943833194,17.964761279064703,579646.2084622106
323,215.0493441794328,5,1,3,1992,0,0,19,9.78957507041104,15.53606664279776,747398.2797837784
324,119.9834742364857,5,3,2,1951,0,1,45,5.554954241058602,1.5295991099862616,686253.7678890827
325,288.7163201657985,3,3,3,1935,1,0,17,1.8981530297215599,19.734582030016973,684319.6904553123
326,234.47422917394212,1,2,2,1937,0,0,29,5.821832300925898,5.427319270780211,524004.1206123386
327,188.58851312785018,4,1,2,2002,0,0,41,2.0444057394954687,1.9716585404482467,675707.9926909251
328,202.93018655858805,2,1,2,1949,1,1,23,5.197042628944843,16.58628468251519,526057.0645933961
329,154.90001560694748,2,3,2,1962,0,0,37,0.74042217912348,14.133510673553998,474291.0594707329
330,111.93274737528937,5,1,1,2000,1,1,33,6.054826692144046,12.344376117558015,673010.5894890318
331,138.99316966281538,3,1,2,2015,1,0,24,5.167899391281582,3.119617273978663,593805.8877908955
332,239.46152761609227,2,2,3,1962,0,1,31,7.401613687614631,9.569922325119238,649907.8988901816
333,53.598372157438966,1,1,1,1961,1,1,39,6.30700471158785,15.611120537744277,377060.0039672466
334,79.01816012672906,5,2,3,1998,1,1,13,5.4960626853075665,6.0724787628768055,710152.5648425102
335,61.50066050543819,4,3,1,1906,1,0,22,6.897788492481212,6.233796570300829,458567.7909549684
336,60.182200579742535,5,1,2,1926,1,0,32,1.4394191357223085,0.06281812096244233,483429.6050204263
337,263.86514600275177,4,3,1,1991,1,1,17,5.953596612586041,3.484868032907591,828686.4744565758
338,225.9144648450059,5,3,1,1985,0,1,27,1.7211060282277768,17.508112502436685,779935.2801318516
339,168.5434572718313,5,1,3,1913,0,1,21,9.255222078518809,8.834929832754142,587410.5474489208
340,74.45854016275037,5,1,3,1970,1,0,40,0.683341048456042,19.684689984688678,553278.0572660788
341,172.90396877920807,4,3,2,2000,1,0,23,4.303747496907933,7.914159271475851,717354.1396193425
342,168.36794269514144,4,1,1,1985,0,0,43,6.957974776554448,14.303729095604824,610722.0197576499
343,93.30046747750379,5,2,1,1904,1,0,27,4.580222116682587,5.638380858094583,477723.8975590511
344,158.46291230949328,2,2,1,1954,0,1,43,0.9209525323290235,7.27619282281867,481257.0956764387
345,149.62618359934336,3,1,2,1901,1,1,20,5.533790161267074,3.814519751817893,502845.19479960564
346,203.96252451305412,3,3,2,1961,1,0,21,6.4163190882735455,6.9412473699879,606572.5804093077
347,208.77341271691094,3,1,2,1990,1,0,24,7.037923109905076,10.944750408412862,657717.3096648263
348,61.32600244301113,4,1,2,1920,1,1,40,3.7325981446275893,19.83545761958499,464849.91775683535
349,143.6531536566178,4,3,2,2017,1,0,38,5.636599710287622,13.284034261435714,749942.5079420531
350,206.4649789285591,2,3,3,2001,1,0,35,4.506864749389131,3.984919088166281,665788.016967782
351,175.78406464502194,3,2,1,1978,1,0,27,6.720560387522534,0.8992288318310226,602861.2195446078
352,264.1224602970806,3,3,1,1920,0,0,41,5.835569673248186,2.527129626290212,571088.6828722034
353,214.67340790473625,5,2,1,1909,0,0,31,5.2575621955913485,11.251104025460947,577045.2155718656
354,90.73360677035743,4,3,1,1986,0,0,47,2.4952436683824866,15.303206576335327,554926.4743451616
355,67.64218685010746,3,1,1,1957,1,1,26,0.020185177482339167,18.808384146014937,382372.19284532056
356,210.6048195515789,2,2,1,2019,1,0,32,1.7408167531142926,0.31646343993641635,631283.4401933097
357,56.62782763540545,2,2,1,1938,1,0,33,1.1706604142416865,10.455202831237395,301823.9205069342
358,196.44389531836583,3,2,1,1904,1,1,17,4.4908474501094675,9.417347124463536,527914.2346217578
359,285.0575603562394,4,1,3,1964,1,1,15,6.122581507618446,13.12110043951408,793370.5055574682
360,193.86854446896973,2,1,1,1912,1,1,14,2.1308500868480817,11.19157708930684,443440.0457223139
361,147.0424815516305,5,1,3,1984,1,0,38,9.390570959671871,13.740783011649611,733677.9177789266
362,210.82205461058828,2,1,2,1989,0,1,37,0.06682129223887778,13.161651694983806,591058.7089497071
363,164.56322262287915,1,1,1,2013,1,0,20,7.723010151653429,2.340234497158924,544960.7613589679
364,186.40419732898374,1,2,2,2008,0,0,10,6.252047695304422,15.994358272374392,492376.81444319134
365,285.3662021941313,4,1,2,1984,0,0,28,3.735548010476819,2.464651514326497,707331.8066500103
366,146.52565945019356,3,2,2,1952,1,1,18,0.5048894441240792,13.970612504182743,554021.1499901558
367,290.2976409559785,4,1,3,1981,1,1,36,6.274865717842793,8.322907352812134,800972.1130069111
368,276.33766048901595,4,3,2,2000,0,1,43,3.8561351286564802,10.277014691531958,857487.1817444762
369,98.94778369732411,4,2,2,1944,0,1,13,9.362671394132192,18.065960287514212,532150.8237620181
370,67.34032521879136,4,3,2,1931,1,1,45,5.419900748897659,17.79767452946973,586944.4166552734
371,75.19450034435667,5,2,1,1935,1,0,27,9.396515112935083,16.35712611310059,542553.068764419
372,54.55545641288743,5,3,1,1980,0,0,24,2.204836934733041,10.202967609126466,571107.8344751023
373,73.6107401889821,2,1,3,1998,1,0,22,7.257259103641033,14.724796202676663,454363.321673933
374,220.7516933540892,1,1,3,2012,1,0,28,6.172490208487257,10.257941110376187,618062.4675510078
375,67.79716211505725,4,1,1,1959,1,1,15,7.394082298313118,17.39212164949555,532377.5801949174
376,129.7439075734403,2,2,3,1910,0,1,21,2.146678639725368,8.055516664657997,429591.9909751443
377,261.2188277423636,1,3,1,1962,0,0,46,6.649945162377737,19.404706888297536,539872.1273903275
378,55.81798393395647,3,1,2,1920,0,1,26,4.98040393056869,18.646455164577553,354991.34923295665
379,253.61712064723395,5,3,2,1951,1,1,32,7.428249749063163,14.83205238903571,854374.5244547976
380,120.46369369334998,1,3,3,1954,1,0,35,3.2704464415181778,5.58831768352144,525326.2053823641
381,79.54120690541407,3,1,1,2016,0,0,38,8.900570254652525,2.633071775865168,511145.0132234419
382,224.18429134103766,1,1,1,1925,0,1,42,0.8430131461135038,17.09406900186395,402540.8180670261
383,207.235711694971,5,3,3,1967,0,1,36,8.071893187911881,3.3060457227592255,845911.3698025015
384,269.36800338176323,5,1,1,1933,1,0,34,8.613196258150907,17.085215779946715,676685.2825252914
385,233.76776095097145,2,1,2,1951,0,0,19,8.172523113668213,9.81530013424721,540866.8839353835
386,250.87023259621213,4,1,3,2011,0,0,32,5.12726394261776,8.131135676162085,758051.2044275096
387,120.50864314282663,1,2,3,1981,1,1,30,4.383849800307614,18.063815576688583,507320.7149410282
388,94.35988594493071,1,3,1,2003,1,0,30,9.962622865248768,12.077019650805559,503344.3916599972
389,237.6536879102146,3,3,3,1998,1,0,22,2.291719512141621,11.532280142594356,732651.6925688018
390,251.708684816816,5,2,1,2004,0,1,46,5.468759658760446,11.175318892487953,835109.7153699187
391,297.62628550016836,1,3,1,1992,1,1,42,6.706755253823255,7.423390320390628,701186.0604957335
392,153.15441922785664,5,1,1,1951,1,1,33,7.00867635861432,15.712862070582545,649845.091451544
393,143.0045214481958,1,3,1,1928,0,1,20,2.040246657385787,5.05596888031546,446555.0242957771
394,244.1032401854992,2,1,1,1937,1,1,26,6.539940923398012,18.7778992008255,518571.7731367478
395,135.20088506325447,4,2,3,1941,0,0,13,8.183695664813373,17.879704100939215,515544.254782664
396,282.6893314008912,1,1,2,1920,0,0,34,0.5001857682111222,6.749606513497963,464227.5867102711
397,264.60318796075296,5,3,2,1941,1,1,39,9.115212933253165,14.589275396633274,842272.539088398
398,157.24850684375457,2,3,3,1912,1,1,18,0.2950405514520593,11.46446388899183,510018.425014717
399,237.71776694787434,1,3,3,2012,1,1,30,3.5597103248839437,6.752986039984692,706023.9823357714
400,238.6357185211706,3,2,2,2004,1,1,29,0.15813196232962068,19.770432959908934,738134.6781448469
401,75.78096720898316,4,2,2,1963,1,1,28,0.7714516853958187,0.5047469169652841,582066.7431158358
402,275.63822666989165,1,3,2,1916,1,0,28,9.11168285180079,5.0529206124257335,587030.5101509053
403,176.3130931119643,2,1,2,2019,0,0,21,3.5486083074614783,10.401481222223008,549158.7204242476
404,256.61436652693544,3,2,2,1908,0,0,46,4.247715304250529,10.439060069571278,568484.7222682653
405,130.01240025765293,2,3,1,1940,1,0,26,2.1534438138255263,11.778661498911283,455758.9694695206
406,273.8808071240501,2,3,3,1900,0,1,46,5.9709577018671975,15.033523440458385,623398.3078318082
407,147.30041968354078,3,2,1,1901,1,0,48,5.948032146777896,12.469556610385927,437797.48663474823
408,52.70941287007459,2,2,2,1959,0,1,37,3.7220039182521925,12.00562921056074,444555.3105545334
409,276.3454941048159,3,2,2,1947,0,1,44,3.3303487180539837,1.0702892582608659,721719.2049035277
410,72.82166919653339,1,1,2,1928,0,1,27,8.849643081805878,7.530605755785967,298871.66526683467
411,129.8284093976037,3,1,1,1996,1,0,23,3.8328423964220137,4.64111479402312,523626.38609415403
412,287.51549176270123,3,3,1,1909,0,1,44,4.935009921544083,5.307402232039509,689922.9461561989
413,287.651786734389,4,2,2,2013,1,0,16,2.833047624249306,11.086749486806898,758604.9549524651
414,193.35947203082154,3,1,1,1957,0,0,22,7.867695033571273,3.9901062985921687,551089.0722395085
415,207.95930304244982,3,2,1,1959,0,1,27,3.9744815689909165,5.878982020337951,608749.2961336435
416,162.11138049457995,1,3,2,2003,0,1,46,5.136110465443245,4.741694170346802,635614.1958877824
417,123.30269292451614,4,1,1,1920,0,1,22,2.533571700596614,18.970058864363896,450007.49791726214
418,132.16613634247898,5,1,3,1927,0,0,45,9.876595923412518,18.893314643421903,554821.1268127852
419,218.1296140192596,1,1,3,1974,1,1,40,2.914957409237229,12.198831171921034,585468.4519367864
420,238.09363235942,1,3,3,2018,1,0,11,7.707425309055517,18.490449374637997,657042.1503652218
421,247.89476093146214,5,2,3,1933,0,1,25,4.274956503567592,15.716252909367462,716120.0149477517
422,247.40453569863848,3,1,2,1907,0,1,18,2.062174050841399,11.798957656036176,576984.3603010008
423,72.80152576217259,2,3,2,1958,0,0,18,7.997187639648612,0.12870422993591424,428108.0918688575
424,173.60507617564537,4,2,2,1985,0,0,47,3.3360678902904315,15.450325721588081,589025.6566827254
425,64.38969000416107,2,3,3,1971,1,0,20,8.651933473978112,14.049766831769377,517683.80307294277
426,187.38222058093388,5,2,3,1948,0,0,31,9.15257184917823,12.30507306564828,669863.6642492099
427,160.38262534334427,1,3,1,1978,1,0,42,8.598238353912759,15.208486233649435,516021.37942629535
428,271.92604568957495,1,2,1,1916,0,0,45,0.3500791480680565,10.258443295495315,445001.43354634393
429,137.72875313801967,4,1,3,1959,1,1,32,7.873733450051056,14.081665426426781,628041.0608522549
430,79.26675410690146,1,2,3,1986,0,1,43,4.113394664991439,18.703441734529868,439102.99453753
431,85.74792051320897,1,3,3,1987,0,0,18,8.73722920182225,7.516100316921726,442965.5198385375
432,240.37765792936807,4,3,3,1944,1,1,33,6.379542626847387,14.162436698012508,774245.6929016714
433,204.55451582906525,4,2,1,1982,0,0,17,8.336431341439583,9.513756360219174,639169.4086623121
434,75.28066903069757,5,1,3,1968,0,1,16,4.994317698668354,13.487993036279631,595883.515258159
435,71.02670152874936,1,1,1,1931,0,1,45,5.3502550459893286,15.257866711087281,318416.1243688445
436,225.24228286478,1,2,3,1943,1,0,27,1.4438763213366723,0.9090500087159192,503593.3205835235
437,68.19075159104838,5,2,3,1964,0,0,12,7.839873586893554,12.932008878973239,561696.5272890168
438,255.46501482258904,3,3,3,1986,0,0,37,4.193896116669716,4.534823688138891,725008.0815472327
439,226.56055678912406,3,1,1,2000,1,1,15,5.000801182715826,13.400650756151336,649930.0523377272
440,70.33719516047495,3,2,1,1907,1,0,30,7.850977140957076,9.36660371867627,405147.5048382105
441,71.20942852129798,5,1,2,1976,1,1,37,5.988454000794389,15.471054837297745,618783.0832645071
442,296.6598946252939,1,2,3,1971,0,0,49,2.0109872744266744,2.4680163041119285,619127.7979857937
443,143.5676989390301,5,2,2,2020,0,1,10,5.902326591508928,12.526447033123901,720915.0931018613
444,142.66053676672271,5,1,2,1986,0,1,45,4.076328579796558,5.569414578551046,675344.6152871366
445,253.19989181437563,3,2,1,1942,1,0,30,4.6952554204386265,17.059639906611828,635332.249581636
446,286.81214434596467,2,2,1,1900,0,1,44,0.28311274402667785,18.567670112726148,531774.7408332457
447,296.50026595571774,1,3,2,2008,0,1,22,2.1002934951628163,19.92796587358111,659323.2209403132
448,238.3445463147354,3,2,3,1950,1,0,19,2.8103808138102826,15.920148048545666,620313.4722531518
449,144.06489638272893,2,2,1,1923,1,1,19,7.129600078588058,15.07468140856009,484303.85749445984
450,70.8751791746672,2,2,3,1998,1,0,22,0.11492473298115313,4.310015177351021,485180.12473547185
451,244.2867289818592,4,3,3,1923,1,0,46,4.087772612291321,6.720141179802175,739265.7365263739
452,189.60106243395126,1,1,2,1916,1,0,47,9.240268704257328,9.313650835245591,407318.84144334734
453,156.05550231174408,2,3,2,1904,0,0,33,1.1188061654912385,15.467620955644994,359887.8502803061
454,276.588596273684,3,3,2,1919,1,1,11,5.16424388218611,18.299317301559373,670521.5295185708
455,77.79937057653784,4,1,2,1920,0,1,31,7.865223823908471,3.7827820004596924,496089.84856263845
456,173.15627607271477,1,3,1,2003,0,1,26,9.425313075201167,18.447349693402057,507098.1384968316
457,52.83841119185477,5,1,1,1957,1,0,45,7.46776639533718,13.91249304708116,510380.73525033804
458,167.16516049853158,3,3,2,1930,1,1,23,7.205655486444061,12.215414613700773,586589.3624156812
459,64.07581892045934,2,1,1,2009,1,1,19,8.264880901957625,3.9968254256387903,482067.6477649068
460,79.70447906701799,2,2,2,1999,0,0,44,4.462012209775437,1.110500656183011,472072.7035113329
461,79.38156169427623,3,3,3,1910,1,0,34,8.058445326178331,11.369297970158797,487850.9484168375
462,212.30257552901588,2,3,3,1951,1,1,12,0.07964404745451126,13.030313666577849,584792.0680073386
463,236.51121981635583,4,3,3,1914,1,0,47,9.24561055376805,4.215628987093765,702645.5719193717
464,195.84219127428992,1,3,2,1982,1,0,26,4.433065095171753,11.129124116509129,522373.16233997693
465,290.5431371186355,4,2,3,1906,1,0,21,5.533801878657476,17.12986805525147,689330.6032517364
466,143.717644880926,2,3,1,2014,0,0,33,2.548822489148823,16.7013189091004,545751.766817882
467,121.42802157046518,5,2,3,1927,0,1,38,7.425308328404214,18.547103611725944,570113.2319309763
468,267.1497820473651,1,2,3,1950,0,0,34,0.7663580647524881,7.317716191137609,515701.3384043886
469,105.89895962986316,1,2,3,2006,1,0,45,8.726358025468352,6.360991451018374,551379.1245430667
470,290.80563486015285,3,2,1,1957,1,0,35,8.281168290063427,14.988520119616172,708362.2870508945
471,53.038618672454085,3,1,2,1904,1,0,47,2.160601162447664,8.6222481019401,366413.90346814535
472,292.46970667690977,5,1,1,1904,0,0,10,8.093243982852623,1.7509732805556122,638320.3218249038
473,60.78997798764403,1,3,2,1993,1,0,29,7.863577330614815,5.656022613409995,428668.28219803737
474,272.78577842451773,5,1,2,2017,1,0,37,6.32216597753949,8.371645710629782,867558.2967691818
475,181.92527727157497,3,1,3,1995,1,0,25,3.735201768996875,5.85032850952504,620462.6920710991
476,298.2411990298251,3,3,2,1907,0,1,26,2.7149875418186786,6.644111418946432,666405.1541933272
477,68.44914118384972,1,3,1,1963,1,0,49,2.3178359028935,5.875518123487815,398238.8756871716
478,188.4635711003302,4,3,1,1909,0,1,37,3.186089627636072,0.8299833436615889,586123.462559662
479,292.32563390477475,2,1,2,1937,1,0,21,9.035584434325303,12.74189401648885,595804.7722878832
480,180.7744610425372,3,1,3,2010,0,0,36,0.7764077598878127,11.945848407069386,606293.9836501065
481,207.34965953381564,3,3,3,1995,0,0,39,8.288712762529586,13.067669969573611,695642.1065490204
482,223.9371722461543,4,2,1,2011,0,0,43,3.4889007504182357,3.8461979206725494,732611.3961541501
483,163.6352661919433,4,3,3,1991,1,1,46,5.215993960113582,5.913090832249706,762909.0633795457
484,206.88952002101587,5,2,2,1980,1,0,15,7.944856336484907,12.392318538898445,731449.1091079814
485,196.07857798077507,5,2,2,1994,0,0,16,8.843765470229712,11.992551369198427,723834.8520522426
486,275.28950262274725,2,3,1,1907,0,1,41,3.4478142007264703,10.126606187085356,549076.8086095079
487,61.36159508536447,2,3,2,2003,1,1,41,4.6184348127511035,7.008265000203949,574795.306931991
488,120.24079739805758,1,3,1,1924,1,0,34,4.145160648167923,18.258620095493796,379122.26338153554
489,287.6028710191397,5,1,2,1972,0,1,42,0.13251033503910548,6.795404845976876,788609.9945215242
490,272.5659459727291,3,2,1,1965,1,1,16,2.959428888586566,9.112383128745032,691956.026107885
491,163.91418819642823,5,1,3,1978,1,1,21,4.591892337325618,13.562276619084175,728995.9774295713
492,205.03314945038417,3,1,2,1949,1,0,25,4.110936088804397,10.860428617335282,544610.9704824102
493,119.34529574528317,4,3,2,1966,1,0,25,7.2192922751567945,6.937719527287712,619610.3700756059
494,97.03028993094033,5,1,1,1948,0,0,45,3.8480361722110326,8.712895809130197,492310.6088830858
495,165.92460123499552,4,3,1,1935,1,1,22,4.893764489706703,15.889616357070121,622815.4554229735
496,138.33805700651322,2,2,2,1967,1,0,16,4.296085921323634,5.562583109732248,488496.3507215713
497,195.91402796271802,2,3,1,1977,0,1,45,7.406261488943705,2.8451047955363085,657736.9217174305
498,69.4336592412462,1,1,2,2004,0,0,18,8.629723989869625,6.263264036595542,405324.9502010681
499,293.5987019165416,5,1,3,1940,1,0,41,5.318890790075141,16.990684309758027,773035.968027659
500,296.5526861199007,4,3,1,1988,1,1,20,7.894321941951912,1.7797942971269332,864299.5002175039
